{"cameraMode":{"drawMode":0,"name":"Shaded","section":"Shading Mode"},"sceneLighting":false,"audioPlay":false,"sceneViewState":{"m_AlwaysRefresh":false,"showFog":true,"showSkybox":false,"showFlares":true,"showImageEffects":true,"showParticleSystems":true,"showVisualEffectGraphs":true,"m_FxEnabled":true},"in2DMode":false,"pivot":{"x":-1.862645149230957e-8,"y":0.10153800249099732,"z":0.030838117003440858},"rotation":{"x":-0.2957172691822052,"y":0.02492724172770977,"z":-0.007718127686530352,"w":-0.954926073551178},"size":0.48896077275276186,"orthographic":true}