{"cameraMode":{"drawMode":0,"name":"Shaded","section":"Shading Mode"},"sceneLighting":false,"audioPlay":false,"sceneViewState":{"m_AlwaysRefresh":false,"showFog":true,"showSkybox":false,"showFlares":true,"showImageEffects":true,"showParticleSystems":true,"showVisualEffectGraphs":true,"m_FxEnabled":true},"in2DMode":false,"pivot":{"x":5.960464477539063e-8,"y":0.9157794713973999,"z":-0.2255561649799347},"rotation":{"x":-0.2957172691822052,"y":0.02492724172770977,"z":-0.007718127686530352,"w":-0.954926073551178},"size":1.4407823085784913,"orthographic":true}